{"loss": [0.7650118470191956, 0.8145403265953064, 0.7581386566162109, 0.7421616911888123, 0.6860734224319458, 0.6656674146652222, 0.7062236070632935, 0.6743172407150269, 0.6629403233528137, 0.7723630666732788, 0.7273027896881104, 0.7647364735603333, 0.7193124294281006, 0.7223173975944519, 0.6772875785827637, 0.6665073037147522, 0.6781896352767944, 0.6826218366622925, 0.654839038848877, 0.7435390949249268], "cost": [0.9, 1.8, 2.1, 1.7, 1.6, 1.6, 0.4, 1.3, 0.6, 1.2, 0.9, 1.8, 2.1, 1.7, 1.6, 1.5, 0.4, 1.3, 0.4, 1.2]}