{"loss": [0.7650118470191956, 0.8145403265953064, 0.7581386566162109, 0.7421616911888123, 0.6860734224319458, 0.6656674146652222, 0.7062236070632935, 0.6743172407150269, 0.6629403233528137, 0.7723630666732788], "cost": [0.9, 1.8, 2.1, 1.7, 1.6, 1.6, 0.4, 1.3, 0.6, 1.2]}